,training_time,testing_time
0,24896.101103782654,15.452449798583984
