{"score": 7.470837290855192, "_timestamp": 1695625140.241741, "_runtime": 30.47539782524109, "_step": 81, "loss": 0.471937894821167, "robust_estimator": 1.1943773031234741, "epsilon": 0.9884333333333336}