{"score": 20.329592413309413, "_timestamp": 1695649226.876156, "_runtime": 447.1850290298462, "_step": 4003, "loss": 1.1985501050949097, "robust_estimator": 12.09493350982666, "epsilon": 0.9066533333333484}