{"score": 0, "_timestamp": 1695569210.9967935, "_runtime": 1.3240795135498047, "_step": 0}