{"score": 5.756971093675626, "_timestamp": 1694784532.9170365, "_runtime": 314.9655005931854, "_step": 573, "loss": 0.06065951660275459, "robust_estimator": 0.5012239217758179, "epsilon": 0.9659800000000079, "_wandb": {"runtime": 315}}