{"score": 20.329592413309413, "_timestamp": 1695642865.9172566, "_runtime": 330.29153966903687, "_step": 3121, "loss": 0.9259321093559265, "robust_estimator": 10.019363403320312, "epsilon": 0.9250773333333451}