,training_time,testing_time
0,26212.457176208496,1.9277985095977783
