{"score": 0, "_timestamp": 1694815108.4167488, "_runtime": 100.35807180404663, "_step": 183, "loss": 0.3503607511520386, "robust_estimator": 0.9341660737991333, "epsilon": 0.9783999999999984, "_wandb": {"runtime": 100}}