{"score": 1.6303800950137122, "_timestamp": 1695643202.797299, "_runtime": 50.45879292488098, "_step": 139, "loss": 0.4483599066734314, "robust_estimator": 1.2974472045898438, "epsilon": 0.9872426666666672}