{"score": 253.99990559312903, "_timestamp": 1695641359.5116193, "_runtime": 1035.6146652698517, "_step": 15578, "loss": 1.2271671295166016, "robust_estimator": 34.19712829589844, "epsilon": 0.6653240000000588}