{"score": 0, "_timestamp": 1694846799.8769233, "_runtime": 1.0002243518829346, "_step": 0, "_wandb": {"runtime": 1}}