{"score": 35.46710623327946, "_timestamp": 1695648678.7487378, "_runtime": 30.473572731018066, "_step": 239, "loss": 0.3430383801460266, "robust_estimator": 1.4355403184890747, "epsilon": 0.9851120000000009}