{"score": 4.082857848114367, "_timestamp": 1695624057.4747381, "_runtime": 29.501126050949097, "_step": 151, "loss": 0.2813136577606201, "robust_estimator": 1.200398564338684, "epsilon": 0.9869293333333339}