{"score": 1.6200962372917669, "_timestamp": 1695648574.4909866, "_runtime": 79.27908754348755, "_step": 246, "loss": 0.46140798926353455, "robust_estimator": 1.578709363937378, "epsilon": 0.9850493333333342}