{"score": 1.6303800950137122, "_timestamp": 1695648377.1442635, "_runtime": 37.25794339179993, "_step": 124, "loss": 0.4746190011501312, "robust_estimator": 1.2627933025360107, "epsilon": 0.9875560000000004}