{"score": 0, "_timestamp": 1694782964.6187615, "_runtime": 3.104217529296875, "_step": 3, "loss": 0.35864752531051636, "robust_estimator": 0.8432515263557434, "epsilon": 1.0, "_wandb": {"runtime": 8}}