{"score": 35.46710623327946, "_timestamp": 1695625533.971204, "_runtime": 49.33077597618103, "_step": 419, "loss": 0.3476350009441376, "robust_estimator": 2.0199108123779297, "epsilon": 0.9813520000000016}