{"score": 5.756971093675626, "_timestamp": 1694778340.945731, "_runtime": 397.3156199455261, "_step": 753, "loss": 0.024360360577702522, "robust_estimator": 0.49061936140060425, "epsilon": 0.9551800000000105, "_wandb": {"runtime": 512}}