{"score": 4.082857848114367, "_timestamp": 1695647854.7096233, "_runtime": 31.06006145477295, "_step": 61, "loss": 0.4030781686306, "robust_estimator": 1.0705196857452393, "epsilon": 0.9888093333333335}