{"score": 4.082857848114367, "_timestamp": 1695624608.0242386, "_runtime": 8.08303952217102, "_step": 31, "loss": 0.3820183575153351, "robust_estimator": 0.9499519467353821, "epsilon": 0.9894360000000001}