{"score": 3.2669932636181986, "_timestamp": 1695624429.0364192, "_runtime": 21.16611623764038, "_step": 53, "loss": 0.2815268337726593, "robust_estimator": 0.8556925654411316, "epsilon": 0.9889973333333335}