{"score": 4.082857848114367, "_timestamp": 1695623577.1999755, "_runtime": 16.975740432739258, "_step": 121, "loss": 0.34929341077804565, "robust_estimator": 1.0783741474151611, "epsilon": 0.9875560000000004}