{"score": 4.082857848114367, "_timestamp": 1695648198.9003916, "_runtime": 10.057612657546997, "_step": 61, "loss": 0.4030781686306, "robust_estimator": 1.0705196857452393, "epsilon": 0.9888093333333335, "_wandb": {"runtime": 26}}