{"score": 0, "_timestamp": 1694807435.0918634, "_runtime": 25.018755435943604, "_step": 42, "loss": 0.3329457640647888, "robust_estimator": 0.7948424220085144, "epsilon": 0.9953199999999996, "_wandb": {"runtime": 25}}