{"score": 7.470837290855192, "_timestamp": 1695624818.692993, "_runtime": 28.7398579120636, "_step": 66, "loss": 0.41387099027633667, "robust_estimator": 1.0620057582855225, "epsilon": 0.9887466666666669, "_wandb": {"runtime": 28}}