{"score": 7.470837290855192, "_timestamp": 1695625326.102677, "_runtime": 29.507957220077515, "_step": 84, "loss": 0.37916019558906555, "robust_estimator": 1.2035709619522095, "epsilon": 0.988370666666667}