{"score": 1.6397976653019612, "_timestamp": 1694783325.5310888, "_runtime": 41.489723920822144, "_step": 61, "loss": 0.2878369688987732, "robust_estimator": 0.7959486246109009, "epsilon": 0.9965800000000008}