{"score": 4.082857848114367, "_timestamp": 1695643069.2637045, "_runtime": 10.304109573364258, "_step": 61, "loss": 0.4030781686306, "robust_estimator": 1.0705196857452393, "epsilon": 0.9888093333333335, "_wandb": {"runtime": 26}}