{"score": 7.470837290855192, "_timestamp": 1695624291.4057286, "_runtime": 30.512462615966797, "_step": 75, "loss": 0.40166744589805603, "robust_estimator": 1.1117331981658936, "epsilon": 0.9885586666666669}