{"score": 3.238424014990523, "_timestamp": 1694846778.8638778, "_runtime": 668.322521686554, "_step": 349, "loss": 0.3552134037017822, "robust_estimator": 1.1428734064102173, "epsilon": 0.9589599999999969, "_wandb": {"runtime": 670}}