,training_time,testing_time
0,36497.4939186573,11.18302321434021
