,training_time,testing_time
0,48178.663112163544,1.536165714263916
