{"score": 5.034729320655872, "_timestamp": 1694846049.4690907, "_runtime": 940.376279592514, "_step": 1771, "loss": 0.3585793375968933, "robust_estimator": 1.6090608835220337, "epsilon": 0.7893999999999842, "_wandb": {"runtime": 940}}