{"score": 7.470837290855192, "_timestamp": 1695625443.5408878, "_runtime": 29.21770691871643, "_step": 69, "loss": 0.38095247745513916, "robust_estimator": 1.1125553846359253, "epsilon": 0.9886840000000002, "_wandb": {"runtime": 29}}