{"score": 7.470837290855192, "_timestamp": 1695625034.9004803, "_runtime": 36.08018231391907, "_step": 93, "loss": 0.36325564980506897, "robust_estimator": 1.067298173904419, "epsilon": 0.988182666666667, "_wandb": {"runtime": 40}}