{"score": 0, "_timestamp": 1694782992.095561, "_runtime": 3.82155704498291, "_step": 3, "loss": 0.35864752531051636, "robust_estimator": 0.8432515263557434, "epsilon": 1.0}